{"cameraMode":{"drawMode":0,"name":"Shaded","section":"Shading Mode"},"sceneLighting":true,"audioPlay":false,"sceneViewState":{"m_AlwaysRefresh":false,"showFog":true,"showSkybox":true,"showFlares":true,"showImageEffects":true,"showParticleSystems":true,"showVisualEffectGraphs":true,"m_FxEnabled":true},"in2DMode":false,"pivot":{"x":-1.6861352920532227,"y":4.37705135345459,"z":-0.038123130798339847},"rotation":{"x":-0.010697486810386181,"y":0.8976893424987793,"z":-0.02182691916823387,"w":-0.43996062874794009},"size":6.580663681030273,"orthographic":false}