{"cameraMode":{"drawMode":0,"name":"Shaded","section":"Shading Mode"},"sceneLighting":true,"audioPlay":false,"sceneViewState":{"m_AlwaysRefresh":false,"showFog":true,"showSkybox":true,"showFlares":true,"showImageEffects":true,"showParticleSystems":true,"showVisualEffectGraphs":true,"m_FxEnabled":true},"in2DMode":false,"pivot":{"x":-0.07055330276489258,"y":0.2971365451812744,"z":-0.3335914611816406},"rotation":{"x":-0.19188489019870759,"y":0.7152450680732727,"z":-0.21562853455543519,"w":-0.6364861130714417},"size":5.9943976402282719,"orthographic":false}